{"cameraMode":{"drawMode":0,"name":"Shaded","section":"Shading Mode"},"sceneLighting":true,"audioPlay":false,"sceneViewState":{"showFog":true,"showMaterialUpdate":false,"showSkybox":true,"showFlares":true,"showImageEffects":true,"showParticleSystems":true},"in2DMode":false,"pivot":{"x":1.2980003356933594,"y":0.9210000038146973,"z":-1.9169998168945313},"rotation":{"x":-0.32764095067977908,"y":0.07277273386716843,"z":-0.025340048596262933,"w":-0.941747784614563},"size":2.783520221710205,"orthographic":true}