{"cameraMode":{"drawMode":0,"name":"Shaded","section":"Shading Mode"},"sceneLighting":true,"audioPlay":false,"sceneViewState":{"showFog":true,"showMaterialUpdate":false,"showSkybox":true,"showFlares":true,"showImageEffects":true,"showParticleSystems":true},"in2DMode":false,"pivot":{"x":0.72705078125,"y":0.879425048828125,"z":0.47998046875},"rotation":{"x":-0.15267188847064973,"y":-0.023123979568481447,"z":0.0035680211149156095,"w":-0.9880288243293762},"size":3.452021837234497,"orthographic":true}