{"cameraMode":{"drawMode":0,"name":"Shaded","section":"Shading Mode"},"sceneLighting":false,"audioPlay":false,"sceneViewState":{"showFog":true,"showMaterialUpdate":false,"showSkybox":false,"showFlares":true,"showImageEffects":true,"showParticleSystems":true},"in2DMode":false,"pivot":{"x":0.03721556067466736,"y":0.7022597789764404,"z":0.16381466388702393},"rotation":{"x":-0.023461826145648958,"y":-0.959464967250824,"z":0.08398406207561493,"w":-0.2680133283138275},"size":5.017672538757324,"orthographic":true}