{"cameraMode":{"drawMode":0,"name":"Shaded","section":"Shading Mode"},"sceneLighting":false,"audioPlay":false,"sceneViewState":{"showFog":true,"showMaterialUpdate":false,"showSkybox":false,"showFlares":true,"showImageEffects":true,"showParticleSystems":true},"in2DMode":false,"pivot":{"x":-0.0009061768651008606,"y":0.2999017536640167,"z":0.00006213784217834473},"rotation":{"x":-0.22202718257904054,"y":0.4861914813518524,"z":-0.12926803529262544,"w":-0.8353219032287598},"size":1.3120858669281006,"orthographic":true}