{"cameraMode":{"drawMode":0,"name":"Shaded","section":"Shading Mode"},"sceneLighting":true,"audioPlay":false,"sceneViewState":{"showFog":true,"showMaterialUpdate":false,"showSkybox":true,"showFlares":true,"showImageEffects":true,"showParticleSystems":true},"in2DMode":false,"pivot":{"x":1615.6185302734375,"y":983.7019653320313,"z":0.0},"rotation":{"x":-0.03706663101911545,"y":-0.19598272442817689,"z":0.0074134767055511478,"w":-0.9798785448074341},"size":279.977783203125,"orthographic":true}